{
  "single": false, 
  "dislikes": [
    "long", 
    "need", 
    "news", 
    "bad", 
    "working", 
    "tax"
  ], 
  "likes": [
    "economy", 
    "great", 
    "year", 
    "record", 
    "job", 
    "today", 
    "win", 
    "help", 
    "good", 
    "work", 
    "country", 
    "many", 
    "back", 
    "will"
  ], 
  "emotions": {
    "anger": 0.14525212745098032, 
    "joy": 0.4125679052287583, 
    "sadness": 0.23470580065359464, 
    "fear": 0.09083498039215693, 
    "disgust": 0.1878210718954249
  }
}